--
-- PostgreSQL database dump
--

-- Dumped from database version 16.2 (Debian 16.2-1.pgdg120+2)
-- Dumped by pg_dump version 16.2 (Debian 16.2-1.pgdg120+2)

SET statement_timeout = 0;
SET lock_timeout = 0;
SET idle_in_transaction_session_timeout = 0;
SET client_encoding = 'UTF8';
SET standard_conforming_strings = on;
SELECT pg_catalog.set_config('search_path', '', false);
SET check_function_bodies = false;
SET xmloption = content;
SET client_min_messages = warning;
SET row_security = off;

SET default_tablespace = '';

SET default_table_access_method = heap;

--
-- Name: auth_group; Type: TABLE; Schema: public; Owner: nfc_card_game
--

CREATE TABLE public.auth_group (
    id integer NOT NULL,
    name character varying(150) NOT NULL
);


ALTER TABLE public.auth_group OWNER TO nfc_card_game;

--
-- Name: auth_group_id_seq; Type: SEQUENCE; Schema: public; Owner: nfc_card_game
--

ALTER TABLE public.auth_group ALTER COLUMN id ADD GENERATED BY DEFAULT AS IDENTITY (
    SEQUENCE NAME public.auth_group_id_seq
    START WITH 1
    INCREMENT BY 1
    NO MINVALUE
    NO MAXVALUE
    CACHE 1
);


--
-- Name: auth_group_permissions; Type: TABLE; Schema: public; Owner: nfc_card_game
--

CREATE TABLE public.auth_group_permissions (
    id bigint NOT NULL,
    group_id integer NOT NULL,
    permission_id integer NOT NULL
);


ALTER TABLE public.auth_group_permissions OWNER TO nfc_card_game;

--
-- Name: auth_group_permissions_id_seq; Type: SEQUENCE; Schema: public; Owner: nfc_card_game
--

ALTER TABLE public.auth_group_permissions ALTER COLUMN id ADD GENERATED BY DEFAULT AS IDENTITY (
    SEQUENCE NAME public.auth_group_permissions_id_seq
    START WITH 1
    INCREMENT BY 1
    NO MINVALUE
    NO MAXVALUE
    CACHE 1
);


--
-- Name: auth_permission; Type: TABLE; Schema: public; Owner: nfc_card_game
--

CREATE TABLE public.auth_permission (
    id integer NOT NULL,
    name character varying(255) NOT NULL,
    content_type_id integer NOT NULL,
    codename character varying(100) NOT NULL
);


ALTER TABLE public.auth_permission OWNER TO nfc_card_game;

--
-- Name: auth_permission_id_seq; Type: SEQUENCE; Schema: public; Owner: nfc_card_game
--

ALTER TABLE public.auth_permission ALTER COLUMN id ADD GENERATED BY DEFAULT AS IDENTITY (
    SEQUENCE NAME public.auth_permission_id_seq
    START WITH 1
    INCREMENT BY 1
    NO MINVALUE
    NO MAXVALUE
    CACHE 1
);


--
-- Name: auth_user; Type: TABLE; Schema: public; Owner: nfc_card_game
--

CREATE TABLE public.auth_user (
    id integer NOT NULL,
    password character varying(128) NOT NULL,
    last_login timestamp with time zone,
    is_superuser boolean NOT NULL,
    username character varying(150) NOT NULL,
    first_name character varying(150) NOT NULL,
    last_name character varying(150) NOT NULL,
    email character varying(254) NOT NULL,
    is_staff boolean NOT NULL,
    is_active boolean NOT NULL,
    date_joined timestamp with time zone NOT NULL
);


ALTER TABLE public.auth_user OWNER TO nfc_card_game;

--
-- Name: auth_user_groups; Type: TABLE; Schema: public; Owner: nfc_card_game
--

CREATE TABLE public.auth_user_groups (
    id bigint NOT NULL,
    user_id integer NOT NULL,
    group_id integer NOT NULL
);


ALTER TABLE public.auth_user_groups OWNER TO nfc_card_game;

--
-- Name: auth_user_groups_id_seq; Type: SEQUENCE; Schema: public; Owner: nfc_card_game
--

ALTER TABLE public.auth_user_groups ALTER COLUMN id ADD GENERATED BY DEFAULT AS IDENTITY (
    SEQUENCE NAME public.auth_user_groups_id_seq
    START WITH 1
    INCREMENT BY 1
    NO MINVALUE
    NO MAXVALUE
    CACHE 1
);


--
-- Name: auth_user_id_seq; Type: SEQUENCE; Schema: public; Owner: nfc_card_game
--

ALTER TABLE public.auth_user ALTER COLUMN id ADD GENERATED BY DEFAULT AS IDENTITY (
    SEQUENCE NAME public.auth_user_id_seq
    START WITH 1
    INCREMENT BY 1
    NO MINVALUE
    NO MAXVALUE
    CACHE 1
);


--
-- Name: auth_user_user_permissions; Type: TABLE; Schema: public; Owner: nfc_card_game
--

CREATE TABLE public.auth_user_user_permissions (
    id bigint NOT NULL,
    user_id integer NOT NULL,
    permission_id integer NOT NULL
);


ALTER TABLE public.auth_user_user_permissions OWNER TO nfc_card_game;

--
-- Name: auth_user_user_permissions_id_seq; Type: SEQUENCE; Schema: public; Owner: nfc_card_game
--

ALTER TABLE public.auth_user_user_permissions ALTER COLUMN id ADD GENERATED BY DEFAULT AS IDENTITY (
    SEQUENCE NAME public.auth_user_user_permissions_id_seq
    START WITH 1
    INCREMENT BY 1
    NO MINVALUE
    NO MAXVALUE
    CACHE 1
);


--
-- Name: django_admin_log; Type: TABLE; Schema: public; Owner: nfc_card_game
--

CREATE TABLE public.django_admin_log (
    id integer NOT NULL,
    action_time timestamp with time zone NOT NULL,
    object_id text,
    object_repr character varying(200) NOT NULL,
    action_flag smallint NOT NULL,
    change_message text NOT NULL,
    content_type_id integer,
    user_id integer NOT NULL,
    CONSTRAINT django_admin_log_action_flag_check CHECK ((action_flag >= 0))
);


ALTER TABLE public.django_admin_log OWNER TO nfc_card_game;

--
-- Name: django_admin_log_id_seq; Type: SEQUENCE; Schema: public; Owner: nfc_card_game
--

ALTER TABLE public.django_admin_log ALTER COLUMN id ADD GENERATED BY DEFAULT AS IDENTITY (
    SEQUENCE NAME public.django_admin_log_id_seq
    START WITH 1
    INCREMENT BY 1
    NO MINVALUE
    NO MAXVALUE
    CACHE 1
);


--
-- Name: django_content_type; Type: TABLE; Schema: public; Owner: nfc_card_game
--

CREATE TABLE public.django_content_type (
    id integer NOT NULL,
    app_label character varying(100) NOT NULL,
    model character varying(100) NOT NULL
);


ALTER TABLE public.django_content_type OWNER TO nfc_card_game;

--
-- Name: django_content_type_id_seq; Type: SEQUENCE; Schema: public; Owner: nfc_card_game
--

ALTER TABLE public.django_content_type ALTER COLUMN id ADD GENERATED BY DEFAULT AS IDENTITY (
    SEQUENCE NAME public.django_content_type_id_seq
    START WITH 1
    INCREMENT BY 1
    NO MINVALUE
    NO MAXVALUE
    CACHE 1
);


--
-- Name: django_migrations; Type: TABLE; Schema: public; Owner: nfc_card_game
--

CREATE TABLE public.django_migrations (
    id bigint NOT NULL,
    app character varying(255) NOT NULL,
    name character varying(255) NOT NULL,
    applied timestamp with time zone NOT NULL
);


ALTER TABLE public.django_migrations OWNER TO nfc_card_game;

--
-- Name: django_migrations_id_seq; Type: SEQUENCE; Schema: public; Owner: nfc_card_game
--

ALTER TABLE public.django_migrations ALTER COLUMN id ADD GENERATED BY DEFAULT AS IDENTITY (
    SEQUENCE NAME public.django_migrations_id_seq
    START WITH 1
    INCREMENT BY 1
    NO MINVALUE
    NO MAXVALUE
    CACHE 1
);


--
-- Name: django_session; Type: TABLE; Schema: public; Owner: nfc_card_game
--

CREATE TABLE public.django_session (
    session_key character varying(40) NOT NULL,
    session_data text NOT NULL,
    expire_date timestamp with time zone NOT NULL
);


ALTER TABLE public.django_session OWNER TO nfc_card_game;

--
-- Name: main_activity; Type: TABLE; Schema: public; Owner: nfc_card_game
--

CREATE TABLE public.main_activity (
    id bigint NOT NULL,
    name character varying(100) NOT NULL,
    card_uuid character varying(10) NOT NULL
);


ALTER TABLE public.main_activity OWNER TO nfc_card_game;

--
-- Name: main_activity_id_seq; Type: SEQUENCE; Schema: public; Owner: nfc_card_game
--

ALTER TABLE public.main_activity ALTER COLUMN id ADD GENERATED BY DEFAULT AS IDENTITY (
    SEQUENCE NAME public.main_activity_id_seq
    START WITH 1
    INCREMENT BY 1
    NO MINVALUE
    NO MAXVALUE
    CACHE 1
);


--
-- Name: main_gamesettings; Type: TABLE; Schema: public; Owner: nfc_card_game
--

CREATE TABLE public.main_gamesettings (
    id bigint NOT NULL,
    mode character varying(50) NOT NULL
);


ALTER TABLE public.main_gamesettings OWNER TO nfc_card_game;

--
-- Name: main_gamesettings_id_seq; Type: SEQUENCE; Schema: public; Owner: nfc_card_game
--

ALTER TABLE public.main_gamesettings ALTER COLUMN id ADD GENERATED BY DEFAULT AS IDENTITY (
    SEQUENCE NAME public.main_gamesettings_id_seq
    START WITH 1
    INCREMENT BY 1
    NO MINVALUE
    NO MAXVALUE
    CACHE 1
);


--
-- Name: main_item; Type: TABLE; Schema: public; Owner: nfc_card_game
--

CREATE TABLE public.main_item (
    id bigint NOT NULL,
    name character varying NOT NULL,
    type character varying NOT NULL,
    currency character varying NOT NULL
);


ALTER TABLE public.main_item OWNER TO nfc_card_game;

--
-- Name: main_item_id_seq; Type: SEQUENCE; Schema: public; Owner: nfc_card_game
--

ALTER TABLE public.main_item ALTER COLUMN id ADD GENERATED BY DEFAULT AS IDENTITY (
    SEQUENCE NAME public.main_item_id_seq
    START WITH 1
    INCREMENT BY 1
    NO MINVALUE
    NO MAXVALUE
    CACHE 1
);


--
-- Name: main_mine; Type: TABLE; Schema: public; Owner: nfc_card_game
--

CREATE TABLE public.main_mine (
    id bigint NOT NULL,
    card_uuid character varying(10) NOT NULL,
    name character varying(100) NOT NULL,
    currency character varying(100) NOT NULL
);


ALTER TABLE public.main_mine OWNER TO nfc_card_game;

--
-- Name: main_mine_id_seq; Type: SEQUENCE; Schema: public; Owner: nfc_card_game
--

ALTER TABLE public.main_mine ALTER COLUMN id ADD GENERATED BY DEFAULT AS IDENTITY (
    SEQUENCE NAME public.main_mine_id_seq
    START WITH 1
    INCREMENT BY 1
    NO MINVALUE
    NO MAXVALUE
    CACHE 1
);


--
-- Name: main_player; Type: TABLE; Schema: public; Owner: nfc_card_game
--

CREATE TABLE public.main_player (
    id bigint NOT NULL,
    card_uuid character varying(10) NOT NULL,
    name character varying(100) NOT NULL,
    section character varying(4) NOT NULL,
    color character varying(20),
    color_points integer NOT NULL,
    team_id bigint
);


ALTER TABLE public.main_player OWNER TO nfc_card_game;

--
-- Name: main_player_activities; Type: TABLE; Schema: public; Owner: nfc_card_game
--

CREATE TABLE public.main_player_activities (
    id bigint NOT NULL,
    player_id bigint NOT NULL,
    activity_id bigint NOT NULL
);


ALTER TABLE public.main_player_activities OWNER TO nfc_card_game;

--
-- Name: main_player_activities_id_seq; Type: SEQUENCE; Schema: public; Owner: nfc_card_game
--

ALTER TABLE public.main_player_activities ALTER COLUMN id ADD GENERATED BY DEFAULT AS IDENTITY (
    SEQUENCE NAME public.main_player_activities_id_seq
    START WITH 1
    INCREMENT BY 1
    NO MINVALUE
    NO MAXVALUE
    CACHE 1
);


--
-- Name: main_player_id_seq; Type: SEQUENCE; Schema: public; Owner: nfc_card_game
--

ALTER TABLE public.main_player ALTER COLUMN id ADD GENERATED BY DEFAULT AS IDENTITY (
    SEQUENCE NAME public.main_player_id_seq
    START WITH 1
    INCREMENT BY 1
    NO MINVALUE
    NO MAXVALUE
    CACHE 1
);


--
-- Name: main_playeritem; Type: TABLE; Schema: public; Owner: nfc_card_game
--

CREATE TABLE public.main_playeritem (
    id bigint NOT NULL,
    amount integer NOT NULL,
    item_id bigint NOT NULL,
    player_id bigint NOT NULL
);


ALTER TABLE public.main_playeritem OWNER TO nfc_card_game;

--
-- Name: main_playeritem_id_seq; Type: SEQUENCE; Schema: public; Owner: nfc_card_game
--

ALTER TABLE public.main_playeritem ALTER COLUMN id ADD GENERATED BY DEFAULT AS IDENTITY (
    SEQUENCE NAME public.main_playeritem_id_seq
    START WITH 1
    INCREMENT BY 1
    NO MINVALUE
    NO MAXVALUE
    CACHE 1
);


--
-- Name: main_post; Type: TABLE; Schema: public; Owner: nfc_card_game
--

CREATE TABLE public.main_post (
    id bigint NOT NULL,
    card_uuid character varying(10) NOT NULL,
    name character varying(100) NOT NULL,
    type character varying NOT NULL,
    sell_amount integer,
    sells_id bigint NOT NULL,
    CONSTRAINT main_post_sell_amount_check CHECK ((sell_amount >= 0))
);


ALTER TABLE public.main_post OWNER TO nfc_card_game;

--
-- Name: main_post_id_seq; Type: SEQUENCE; Schema: public; Owner: nfc_card_game
--

ALTER TABLE public.main_post ALTER COLUMN id ADD GENERATED BY DEFAULT AS IDENTITY (
    SEQUENCE NAME public.main_post_id_seq
    START WITH 1
    INCREMENT BY 1
    NO MINVALUE
    NO MAXVALUE
    CACHE 1
);


--
-- Name: main_postrecipe; Type: TABLE; Schema: public; Owner: nfc_card_game
--

CREATE TABLE public.main_postrecipe (
    id bigint NOT NULL,
    price integer NOT NULL,
    item_id bigint NOT NULL,
    post_id bigint NOT NULL
);


ALTER TABLE public.main_postrecipe OWNER TO nfc_card_game;

--
-- Name: main_postrecipe_id_seq; Type: SEQUENCE; Schema: public; Owner: nfc_card_game
--

ALTER TABLE public.main_postrecipe ALTER COLUMN id ADD GENERATED BY DEFAULT AS IDENTITY (
    SEQUENCE NAME public.main_postrecipe_id_seq
    START WITH 1
    INCREMENT BY 1
    NO MINVALUE
    NO MAXVALUE
    CACHE 1
);


--
-- Name: main_team; Type: TABLE; Schema: public; Owner: nfc_card_game
--

CREATE TABLE public.main_team (
    id bigint NOT NULL,
    name character varying(100) NOT NULL
);


ALTER TABLE public.main_team OWNER TO nfc_card_game;

--
-- Name: main_team_id_seq; Type: SEQUENCE; Schema: public; Owner: nfc_card_game
--

ALTER TABLE public.main_team ALTER COLUMN id ADD GENERATED BY DEFAULT AS IDENTITY (
    SEQUENCE NAME public.main_team_id_seq
    START WITH 1
    INCREMENT BY 1
    NO MINVALUE
    NO MAXVALUE
    CACHE 1
);


--
-- Name: main_teammine; Type: TABLE; Schema: public; Owner: nfc_card_game
--

CREATE TABLE public.main_teammine (
    id bigint NOT NULL,
    money integer NOT NULL,
    mine_id bigint NOT NULL,
    team_id bigint NOT NULL
);


ALTER TABLE public.main_teammine OWNER TO nfc_card_game;

--
-- Name: main_teammine_id_seq; Type: SEQUENCE; Schema: public; Owner: nfc_card_game
--

ALTER TABLE public.main_teammine ALTER COLUMN id ADD GENERATED BY DEFAULT AS IDENTITY (
    SEQUENCE NAME public.main_teammine_id_seq
    START WITH 1
    INCREMENT BY 1
    NO MINVALUE
    NO MAXVALUE
    CACHE 1
);


--
-- Name: main_teammineitem; Type: TABLE; Schema: public; Owner: nfc_card_game
--

CREATE TABLE public.main_teammineitem (
    id bigint NOT NULL,
    amount integer NOT NULL,
    item_id bigint NOT NULL,
    team_mine_id bigint NOT NULL
);


ALTER TABLE public.main_teammineitem OWNER TO nfc_card_game;

--
-- Name: main_teammineitem_id_seq; Type: SEQUENCE; Schema: public; Owner: nfc_card_game
--

ALTER TABLE public.main_teammineitem ALTER COLUMN id ADD GENERATED BY DEFAULT AS IDENTITY (
    SEQUENCE NAME public.main_teammineitem_id_seq
    START WITH 1
    INCREMENT BY 1
    NO MINVALUE
    NO MAXVALUE
    CACHE 1
);


--
-- Data for Name: auth_group; Type: TABLE DATA; Schema: public; Owner: nfc_card_game
--

COPY public.auth_group (id, name) FROM stdin;
\.


--
-- Data for Name: auth_group_permissions; Type: TABLE DATA; Schema: public; Owner: nfc_card_game
--

COPY public.auth_group_permissions (id, group_id, permission_id) FROM stdin;
\.


--
-- Data for Name: auth_permission; Type: TABLE DATA; Schema: public; Owner: nfc_card_game
--

COPY public.auth_permission (id, name, content_type_id, codename) FROM stdin;
1	Can add activity	1	add_activity
2	Can change activity	1	change_activity
3	Can delete activity	1	delete_activity
4	Can view activity	1	view_activity
5	Can add game settings	2	add_gamesettings
6	Can change game settings	2	change_gamesettings
7	Can delete game settings	2	delete_gamesettings
8	Can view game settings	2	view_gamesettings
9	Can add item	3	add_item
10	Can change item	3	change_item
11	Can delete item	3	delete_item
12	Can view item	3	view_item
13	Can add team	4	add_team
14	Can change team	4	change_team
15	Can delete team	4	delete_team
16	Can view team	4	view_team
17	Can add mine	5	add_mine
18	Can change mine	5	change_mine
19	Can delete mine	5	delete_mine
20	Can view mine	5	view_mine
21	Can add player	6	add_player
22	Can change player	6	change_player
23	Can delete player	6	delete_player
24	Can view player	6	view_player
25	Can add post	7	add_post
26	Can change post	7	change_post
27	Can delete post	7	delete_post
28	Can view post	7	view_post
29	Can add team mine	8	add_teammine
30	Can change team mine	8	change_teammine
31	Can delete team mine	8	delete_teammine
32	Can view team mine	8	view_teammine
33	Can add player item	9	add_playeritem
34	Can change player item	9	change_playeritem
35	Can delete player item	9	delete_playeritem
36	Can view player item	9	view_playeritem
37	Can add post recipe	10	add_postrecipe
38	Can change post recipe	10	change_postrecipe
39	Can delete post recipe	10	delete_postrecipe
40	Can view post recipe	10	view_postrecipe
41	Can add team mine item	11	add_teammineitem
42	Can change team mine item	11	change_teammineitem
43	Can delete team mine item	11	delete_teammineitem
44	Can view team mine item	11	view_teammineitem
45	Can add log entry	12	add_logentry
46	Can change log entry	12	change_logentry
47	Can delete log entry	12	delete_logentry
48	Can view log entry	12	view_logentry
49	Can add permission	13	add_permission
50	Can change permission	13	change_permission
51	Can delete permission	13	delete_permission
52	Can view permission	13	view_permission
53	Can add group	14	add_group
54	Can change group	14	change_group
55	Can delete group	14	delete_group
56	Can view group	14	view_group
57	Can add user	15	add_user
58	Can change user	15	change_user
59	Can delete user	15	delete_user
60	Can view user	15	view_user
61	Can add content type	16	add_contenttype
62	Can change content type	16	change_contenttype
63	Can delete content type	16	delete_contenttype
64	Can view content type	16	view_contenttype
65	Can add session	17	add_session
66	Can change session	17	change_session
67	Can delete session	17	delete_session
68	Can view session	17	view_session
\.


--
-- Data for Name: auth_user; Type: TABLE DATA; Schema: public; Owner: nfc_card_game
--

COPY public.auth_user (id, password, last_login, is_superuser, username, first_name, last_name, email, is_staff, is_active, date_joined) FROM stdin;
1	pbkdf2_sha256$720000$L0zACpoyv76UOL1AdLVgR3$ZjFt7HuNRjOiHHX/ZgWQS7mXjZt4kaqWjsZEWBv+y7U=	2024-05-11 21:35:38.886172+00	t	nerds				t	t	2024-05-10 14:10:48.103829+00
\.


--
-- Data for Name: auth_user_groups; Type: TABLE DATA; Schema: public; Owner: nfc_card_game
--

COPY public.auth_user_groups (id, user_id, group_id) FROM stdin;
\.


--
-- Data for Name: auth_user_user_permissions; Type: TABLE DATA; Schema: public; Owner: nfc_card_game
--

COPY public.auth_user_user_permissions (id, user_id, permission_id) FROM stdin;
\.


--
-- Data for Name: django_admin_log; Type: TABLE DATA; Schema: public; Owner: nfc_card_game
--

COPY public.django_admin_log (id, action_time, object_id, object_repr, action_flag, change_message, content_type_id, user_id) FROM stdin;
1	2024-05-11 17:37:41.019467+00	6	Team 2: ROOD currency: ROOD	2	[{"changed": {"name": "team mine item", "object": "TeamMineItem object (16)", "fields": ["Amount"]}}]	8	1
2	2024-05-11 17:38:04.126029+00	1	Team 1: BLAUW currency: BLAUW	2	[{"changed": {"fields": ["Money"]}}]	8	1
\.


--
-- Data for Name: django_content_type; Type: TABLE DATA; Schema: public; Owner: nfc_card_game
--

COPY public.django_content_type (id, app_label, model) FROM stdin;
1	main	activity
2	main	gamesettings
3	main	item
4	main	team
5	main	mine
6	main	player
7	main	post
8	main	teammine
9	main	playeritem
10	main	postrecipe
11	main	teammineitem
12	admin	logentry
13	auth	permission
14	auth	group
15	auth	user
16	contenttypes	contenttype
17	sessions	session
\.


--
-- Data for Name: django_migrations; Type: TABLE DATA; Schema: public; Owner: nfc_card_game
--

COPY public.django_migrations (id, app, name, applied) FROM stdin;
1	contenttypes	0001_initial	2024-05-10 13:48:56.02882+00
2	auth	0001_initial	2024-05-10 13:48:56.192838+00
3	admin	0001_initial	2024-05-10 13:48:56.221746+00
4	admin	0002_logentry_remove_auto_add	2024-05-10 13:48:56.231668+00
5	admin	0003_logentry_add_action_flag_choices	2024-05-10 13:48:56.241881+00
6	contenttypes	0002_remove_content_type_name	2024-05-10 13:48:56.260323+00
7	auth	0002_alter_permission_name_max_length	2024-05-10 13:48:56.269447+00
8	auth	0003_alter_user_email_max_length	2024-05-10 13:48:56.278201+00
9	auth	0004_alter_user_username_opts	2024-05-10 13:48:56.289642+00
10	auth	0005_alter_user_last_login_null	2024-05-10 13:48:56.29887+00
11	auth	0006_require_contenttypes_0002	2024-05-10 13:48:56.300528+00
12	auth	0007_alter_validators_add_error_messages	2024-05-10 13:48:56.308813+00
13	auth	0008_alter_user_username_max_length	2024-05-10 13:48:56.322852+00
14	auth	0009_alter_user_last_name_max_length	2024-05-10 13:48:56.33134+00
15	auth	0010_alter_group_name_max_length	2024-05-10 13:48:56.342594+00
16	auth	0011_update_proxy_permissions	2024-05-10 13:48:56.35144+00
17	auth	0012_alter_user_first_name_max_length	2024-05-10 13:48:56.360559+00
18	main	0001_initial	2024-05-10 13:48:56.533385+00
19	main	0002_auto_20240509_2152	2024-05-10 13:48:56.693947+00
20	main	0003_alter_item_name	2024-05-10 13:48:56.703042+00
21	sessions	0001_initial	2024-05-10 13:48:56.719221+00
\.


--
-- Data for Name: django_session; Type: TABLE DATA; Schema: public; Owner: nfc_card_game
--

COPY public.django_session (session_key, session_data, expire_date) FROM stdin;
ilohr7cc5vjgtvzytf26upjoonrkj4rk	.eJxVjMsOwiAUBf-FtSFQlAsu3fsNhPuoVA0kpV0Z_12bdKHbMzPnpVJel5LWLnOaWJ2VVYffDTM9pG6A77nemqZWl3lCvSl6p11fG8vzsrt_ByX38q2JgIK4AGBO4C0HbzKDxDEMkYA5CsajAy8QENgY7ww5ywhmQB45qPcH4L838g:1s5Qy4:8y2bcjzH1L9KwjWdj5ARN80JMt2FQ2F9uX28n1aSXpc	2024-05-24 14:11:24.866279+00
vhn6mmgfdhp3i35hfdzzb6uhhkkorrlv	.eJxVjkEOwiAURO_C2hBalA8u3XsGwmd-bdUUU9qV8e62SRe6nTfzMm8V0zL3cakyxQHqrBp1-M045YeMG8A9jbeicxnnaWC9VfROq74WyPOyd_8Efar9us6ZshfricyJXAPvTAJJ6HwbMgFBOBwtOSHPBGOcNdk2YDIto4Nfpa9S5-1HEAID6vMFAB09bQ:1s5Rhy:cRPvQXqTb0pQwwdnYrnEOujgdrWFdPSy2VSLPIas34w	2024-05-24 14:58:50.835779+00
eqvuolf6bxm4qzhpz0zosg2b7bgkgooi	.eJxVjEEOwiAQRe_C2hAolQGX7j1DAzNTqRpoSrsy3l2adKHb__57bzGEbU3DVnkZJhIXocXpd4sBn5x3QI-Q70ViyesyRblf5EGrvBXi1_X4_gVSqKnZiICOjQNQZ7CanFWBgP3oOo9A5Dn63oBlcBFIKWsUGk0RVBdpJNeic6lrK1ndFOJefL766zyt:1s5Si8:5ysBvn8Yt4ZcyjWw-2T9Cwjr3BoZVoexGBGG3toRkoM	2024-05-24 16:03:04.900421+00
8r3joqlxra8ee5tt571v0yr311nrtl0n	.eJxVjs0OwiAQhN-FsyFLURY8evcZGtjdSv2hSWlPxne3JD3odb6ZL_NWfVyX3K9V5n5kdVZGHX6zFOkhpQG-x3KbNE1lmcekW0XvtOrrxPK87N0_QY41b2siJC_WI8IJnWHvIDJKGHwXCJmDpHC06AR9QgZwFsgaTghd4oH9Jn2NRdqPANZiJ-rzBfnYPIo:1s5obm:Njtt1yz6edgkYgOeqBSS2qLyFMiYLP6ds0ySyU7KBNw	2024-05-25 15:25:58.824471+00
j707fpy0se9msjnl4px6f0dskt21s7s0	.eJxVjMsOwiAUBf-FtSFQlAsu3fsNhPuoVA0kpV0Z_12bdKHbMzPnpVJel5LWLnOaWJ2VVYffDTM9pG6A77nemqZWl3lCvSl6p11fG8vzsrt_ByX38q2JgIK4AGBO4C0HbzKDxDEMkYA5CsajAy8QENgY7ww5ywhmQB45qPcH4L838g:1s5qei:XC0drxZ_wK6wW5yETZ_h1X8SRlaif_FEr6ZWrhWTJXQ	2024-05-25 17:37:08.973596+00
jm0hlxhq7ndvonak0t5altn7b7k92z2h	.eJxVjMsOwiAUBf-FtSFQlAsu3fsNhPuoVA0kpV0Z_12bdKHbMzPnpVJel5LWLnOaWJ2VVYffDTM9pG6A77nemqZWl3lCvSl6p11fG8vzsrt_ByX38q2JgIK4AGBO4C0HbzKDxDEMkYA5CsajAy8QENgY7ww5ywhmQB45qPcH4L838g:1s5uNW:ImW9aV_-uHcikZhE_eMdQQrDwMOwCqxCPb-ZnF-OmLg	2024-05-25 21:35:38.889724+00
\.


--
-- Data for Name: main_activity; Type: TABLE DATA; Schema: public; Owner: nfc_card_game
--

COPY public.main_activity (id, name, card_uuid) FROM stdin;
\.


--
-- Data for Name: main_gamesettings; Type: TABLE DATA; Schema: public; Owner: nfc_card_game
--

COPY public.main_gamesettings (id, mode) FROM stdin;
1	trading
\.


--
-- Data for Name: main_item; Type: TABLE DATA; Schema: public; Owner: nfc_card_game
--

COPY public.main_item (id, name, type, currency) FROM stdin;
1	BIJL	RESOURCE	BLAUW
2	BIJL	RESOURCE	GROEN
3	BIJL	RESOURCE	ROOD
4	TANDWIEL	RESOURCE	BLAUW
5	TANDWIEL	RESOURCE	GROEN
6	TANDWIEL	RESOURCE	ROOD
7	RUPSBAND	RESOURCE	BLAUW
8	RUPSBAND	RESOURCE	GROEN
9	RUPSBAND	RESOURCE	ROOD
10	MIJNWERKER	MINER	BLAUW
11	MIJNWERKER	MINER	GROEN
12	MIJNWERKER	MINER	ROOD
13	DRILBOOR	MINER	BLAUW
14	DRILBOOR	MINER	GROEN
15	DRILBOOR	MINER	ROOD
16	BULLDOZER	MINER	BLAUW
17	BULLDOZER	MINER	GROEN
18	BULLDOZER	MINER	ROOD
19	BLAUW	COIN	BLAUW
20	GROEN	COIN	GROEN
21	ROOD	COIN	ROOD
\.


--
-- Data for Name: main_mine; Type: TABLE DATA; Schema: public; Owner: nfc_card_game
--

COPY public.main_mine (id, card_uuid, name, currency) FROM stdin;
1	17966012	BLAUW	BLAUW
2	a1854af1	GROEN	GROEN
3	d903372e	ROOD	ROOD
\.


--
-- Data for Name: main_player; Type: TABLE DATA; Schema: public; Owner: nfc_card_game
--

COPY public.main_player (id, card_uuid, name, section, color, color_points, team_id) FROM stdin;
1	e4c2cb62	Peter	COM	\N	0	1
2	a7d169f2	Luc te Pas	MAL	\N	0	\N
3	84dc8b3b	Elsa Gorissen	MBV	\N	0	\N
4	96107644	Marten	STAF	\N	0	\N
5	595b1761	Relja Kosanin 	DOB	\N	0	\N
6	e10c8d99	Zahra Mohamed	SJH	\N	0	\N
7	bfb5a128	Djay-Djay	MAL	\N	0	\N
8	5b7f37f2	Camiel Jepkes	LIB	\N	0	\N
9	6648a7b0	Maxwell McEwen	COM	\N	0	\N
10	6009c8a6	Anne	EXP	\N	0	\N
11	bc6f2f91	Ada Iverson	SJH	\N	0	\N
12	38caae3d	Freya Iverson	SJV	\N	0	\N
13	14b48184	Julia Sijtzema 	EXP	\N	0	\N
14	4f199e41	ALEXANDROS	COM	\N	0	\N
15	83d0f268	Olivia Zietara 	SJH	\N	0	\N
16	b9c2334f	Henk Ridderstap 	OBV	\N	0	\N
17	64fb8254	Boaz Jongejan 	OBV	\N	0	\N
18	86581bec	Kami	MAL	\N	0	\N
19	62347606	Titus van den Berg	STH	\N	0	\N
20	a612ea53	Jaap	STAF	\N	0	\N
21	8403f72b	Beer Zegwaard	COM	\N	0	\N
22	00400871	Ronja Jongejan 	OBV	\N	0	\N
23	68dd0b35	Femke Verschuur	OBV	\N	0	\N
24	9a2cd7d4	Lola	EXP	\N	0	\N
25	1b494322	Nicolai Kerkhoff 	OBV	\N	0	\N
26	69dbeea0	Elin van Beek	SJV	\N	0	\N
27	aead5a82	Zahra Weij	SJV	\N	0	\N
28	fd7b5036	Dénes Lipót 	LIB	\N	0	\N
29	322ade2b	Zsolna Lipót 	STV	\N	0	\N
30	c0f89dbd	Dex de Boer	LIB	\N	0	\N
31	6209c6c5	Daan Groen	SJV	\N	0	\N
32	cf444a57	Eli	MAL	\N	0	\N
33	f93f3a5b	Maurits Ploeger	COM	\N	0	\N
34	59d02bdf	Duke veenendaal 	MAL	\N	0	\N
35	fca19b7a	Lumba Boonstoppel 	STV	\N	0	\N
36	59ad0eb1	Titus van den Berg	LIB	\N	0	\N
37	35539686	Frank Damen	MAL	\N	0	\N
38	3005c0d0	Ydo Dik	SJV	\N	0	\N
39	5aab7f59	Abel de Koning	MAL	\N	0	\N
40	d3e8b538	Maud van Drimmelen	OBV	\N	0	\N
41	7f75db7d	Sofie Brouwer	SJH	\N	0	\N
42	7fd3973c	Dyano Vliegenthart 	MAL	\N	0	\N
43	1368c853	Reinier	STAF	\N	0	\N
44	c9a864fb	Mang Tuit	EXP	\N	0	\N
45	091315aa	Marc	STAF	\N	0	\N
46	55a3491a	Jeroen Rodrigo	SJV	\N	0	\N
47	bde2a957	Carmen de Voogd	SJV	\N	0	\N
48	e43a314f	Robbert Rodrigo	DOB	\N	0	\N
49	aecd5cf9	Sam Adeney	MAL	\N	0	\N
50	9c1f589e	Yousra Echergui	SJH	\N	0	\N
51	7c4e76c4	Chiel Wabeke	EXP	\N	0	\N
52	78cd0dc8	Pim	STAF	\N	0	\N
53	ddae3703	Lena van Essen	SJH	\N	0	\N
54	177dcd90	Feline Oschmann	EXP	\N	0	\N
55	bf390de6	Stijn	OBV	\N	0	\N
56	3b8be4fb	Lenneke	STAF	\N	0	\N
57	9994ff27	Sawsan 	SJH	\N	0	\N
58	e5f2c4bc	Tim Dijkhuijs van der Laan 	EXP	\N	0	\N
59	1e3a43b3	Valentijn 	LIB	\N	0	\N
60	e551dced	Rick van den Berg	MAL	\N	0	\N
61	3539b9cf	Izaak Messersmid 	MAL	\N	0	\N
62	4ee08636	Diggy	COM	\N	0	\N
63	c2536bb9	Vera	COM	\N	0	\N
64	f59415d2	Auke	SJH	\N	0	\N
65	13cbc1ce	Rafi kaffa	DOB	\N	0	\N
66	b85c6fce	Joris	OBV	\N	0	\N
67	cb87cca1	Timo van Brunschot	COM	\N	0	\N
68	098b2b26	Mauri Lelieveld 	COM	\N	0	\N
69	f7d9f809	Calvin	MBV	\N	0	\N
70	313ae910	Paula Swinkels	EXP	\N	0	\N
71	ce2c5c22	Maarten	MBV	\N	0	\N
72	3266cea6	Esmée Teuben 	OBV	\N	0	\N
73	70d3c488	Gijs van Vugt	MAL	\N	0	\N
74	75bcec1d	Maaike Halsema	OBV	\N	0	\N
75	475d319f	Lauren van der bol	STH	\N	0	\N
76	55293fd7	Loes Prijs	STV	\N	0	\N
77	3dfbb6ec	Bram Prijs	EXP	\N	0	\N
78	8ae3301c	Bram	DOB	\N	0	\N
79	2040996b	Thomas verbruggen	OBV	\N	0	\N
80	c418413f	Kirill	MBV	\N	0	\N
81	559e78fd	Jeanine Kalkhoven	EXP	\N	0	\N
82	4b82138d	Helga van der Hulst	MAL	\N	0	\N
83	8d3cf07a	Lorna Finci	SJV	\N	0	\N
84	5773f587	Nishka Mewar	EXP	\N	0	\N
85	29d567ea	Loïs Holling 	STV	\N	0	\N
86	729a3335	Thomas de Rouw	STV	\N	0	\N
87	9de4ddc9	Esmee Groenewold	EXP	\N	0	\N
88	f03eeb33	Tycho van Winden	DOB	\N	0	\N
89	c0182bc5	Sanne Groen	DOB	\N	0	\N
90	ecb4e15d	Annelies van Dijck 	DOB	\N	0	\N
91	67b10651	Julia Wirth	SJV	\N	0	\N
92	c083b7b6	Mara	STH	\N	0	\N
93	3dba0ac9	Patrick Saltykov 	MBV	\N	0	\N
94	63f12c48	Gijs de Lange	MBV	\N	0	\N
95	080d3885	Lucas RASTAN SOLANO	COM	\N	0	\N
96	38dbc25a	Félix RASTAN SOLANO	MBV	\N	0	\N
97	6c6a3527	Justin kamp	LIB	\N	0	\N
98	e98ffed1	Charlotte Schrage	SJV	\N	0	\N
99	a04055ba	Tim Visée	STAF	\N	0	\N
100	60352e2a	Nena van Enk	SJH	\N	0	\N
101	ec67b3da	Quwe	LIB	\N	0	\N
102	e1eb0207	Thomas Vos	OBV	\N	0	\N
103	1a3e1e18	Hanna Vos	SJV	\N	0	\N
104	92b952d2	Maks Borgsteede 	MAL	\N	0	\N
105	752f522f	Anne Hartman	OBV	\N	0	\N
106	8ee1ec15	Noah El Hennaoui	MBV	\N	0	\N
107	262ebc1a	Rowan Slinger	COM	\N	0	\N
108	34a82c78	Samuel Braithwaite 	DOB	\N	0	\N
109	e12eec84	Koen Boonstoppel	COM	\N	0	\N
110	2b5b9431	Fairuza Tjin A Djie 	STV	\N	0	\N
111	4a085a4b	Lex Struikman 	COM	\N	0	\N
112	8ca4cebb	Hannah Wesselink	STH	\N	0	\N
113	108d7176	Fay	STH	\N	0	\N
114	b19a653c	William Keen	MAL	\N	0	\N
115	e49e2feb	Quinn Flentge	MAL	\N	0	\N
116	681b5e0b	Emiel Muiderman	DOB	\N	0	\N
117	acd4056b	Marijn Pflug	MAL	\N	0	\N
118	567ec039	Byzantia	SJV	\N	0	\N
119	0746f1b1	Filippa Valk	SJV	\N	0	\N
120	2a05a6f3	Jonas	COM	\N	0	\N
121	56b51c3f	Anne	STV	\N	0	\N
122	26654032	Nathan	EXP	\N	0	\N
123	69198531	Sterre van den Hoogenband 	SJH	\N	0	\N
124	346df16f	Tygo Jordan	LIB	\N	0	\N
125	3c3ea4be	Benjamin Plugge 	DOB	\N	0	\N
126	1dd469bc	Annebel Plugge 	SJV	\N	0	\N
127	06ca7a29	James Luzac 	LIB	\N	0	\N
128	e2bf5578	Lizzy Luzac 	STH	\N	0	\N
129	d93aace5	Elya Keïta	SJH	\N	0	\N
130	2e242ec1	Anna Truijens 	STH	\N	0	\N
131	60d271f8	Eva Truijens 	STV	\N	0	\N
132	dd82fe60	Lauren Cammeraat	SJH	\N	0	\N
133	cb84216c	Jasper Veen 	COM	\N	0	\N
134	f4a8926e	Timo Pollarini 	DOB	\N	0	\N
135	82a1e940	Ruben van der Meer	EXP	\N	0	\N
136	c1721d8f	Benthe Bezemer 	SJV	\N	0	\N
137	a3317bac	Penna Bezemer 	DOB	\N	0	\N
138	94693334	Gijs Boone	LIB	\N	0	\N
139	4f7c5704	Kosmo de Ruiter	EXP	\N	0	\N
140	e5015ef5	Nora van Campen	OBV	\N	0	\N
141	1d9d11cd	Thijs van Yperen 	LIB	\N	0	\N
142	aa72553f	Sophia van Yperen 	STV	\N	0	\N
143	6b98715f	Benjamin van Yperen 	COM	\N	0	\N
144	0ff09ae5	Simon Kruisbergen 	EXP	\N	0	\N
145	75fdee02	Bas Kruisbergen 	EXP	\N	0	\N
146	b8a7af3e	Noam Rijsdam	MAL	\N	0	\N
147	ec3fbf5d	Keet Krans	SJV	\N	0	\N
148	94267530	Alette	STH	\N	0	\N
149	7eeeec52	Matthias Evers	OBV	\N	0	\N
150	147660f1	Jorien Kamminga	STH	\N	0	\N
151	bf90fa2a	Annemieke Venemans	STAF	\N	0	\N
152	16e9a800	Aimée van Buren	STH	\N	0	\N
153	f9773b65	Melle Vernooij	EXP	\N	0	\N
154	4b9e8ad4	Julia Den Hartogh	SJH	\N	0	\N
155	10f08826	Wim	STAF	\N	0	\N
156	cf56034a	Ewin	STAF	\N	0	\N
157	3cc5d950	Peter Eerligh	STAF	\N	0	\N
158	0e59a647	Timo Hendriks	LIB	\N	0	\N
159	942b23ca	Joan de Boer 	STH	\N	0	\N
160	693e5ddd	Finn hoops	LIB	\N	0	\N
161	f64c8dc6	Sybe Klijnstra	LIB	\N	0	\N
162	ac74adfb	Jasmijn de Graaf 	SJH	\N	0	\N
163	7e4c2dce	Antonio	COM	\N	0	\N
164	2a6f4f1e	Dianne	SJH	\N	0	\N
165	16ebc572	Rolf Hoogenboom	DOB	\N	0	\N
166	afbbea79	Becca Cameron	SJH	\N	0	\N
167	11070d1b	Jelle Schwarz	SJV	\N	0	\N
168	ff389cfd	Evan Moi Thuk Shung 	LIB	\N	0	\N
169	9e91e597	Isabella Plaisier 	EXP	\N	0	\N
170	02fbbd62	Robine Bolier	SJV	\N	0	\N
171	41d80c89	Naomi van Nimwegen	EXP	\N	0	\N
172	3c04fb20	Joyce 	SJH	\N	0	\N
173	170bf1db	Pleuni van Ginderen 	SJV	\N	0	\N
174	8ee5e80c	Nour Mrad 	STH	\N	0	\N
175	39b67ae5	Margot Schrage	STH	\N	0	\N
176	a965bfa6	Daniel ten Bosch	EXP	\N	0	\N
177	7df9e0e9	Marije ten Bosch	SJV	\N	0	\N
178	0eb02a59	Christiaan ten Bosch	DOB	\N	0	\N
179	c4270147	Luna Andreea Zăvelcuță 	SJH	\N	0	\N
180	4e3c6e65	Stella de Groot	STV	\N	0	\N
181	61039cc4	Tiamo	EXP	\N	0	\N
182	52bf99b6	Anne	EXP	\N	0	\N
183	07d607ef	June	SJH	\N	0	\N
184	a0c153c9	Luc Oosterwijk	EXP	\N	0	\N
185	348d0991	Guus Ruijschop	MAL	\N	0	\N
186	16bab728	Sjoerd Ruijschop	DOB	\N	0	\N
187	7cee385a	Ellen Hartman	STV	\N	0	\N
188	32fbdce5	Ruben Haaksman	STV	\N	0	\N
189	ae3afdcd	Sjoerd Sennema	STAF	\N	0	\N
190	86f9668f	Thomas Sennema	MAL	\N	0	\N
191	0e1aeec7	Ruben Sennema	DOB	\N	0	\N
192	84f8737d	Sophie Krooshof	SJH	\N	0	\N
193	2490283b	Merel Stiefel 	MBV	\N	0	\N
194	6b02debd	Amber Stiefel	STV	\N	0	\N
195	f26b67f1	Thomas Krooshof	DOB	\N	0	\N
196	785e319b	Jelmer Eerligh	MAL	\N	0	\N
197	4699afde	Lars Daniel Bacelle	MBV	\N	0	\N
198	6eb8259b	Fenna van Hengst	SJV	\N	0	\N
199	cd82614a	Jessy Hoogenboom	MAL	\N	0	\N
200	a47ea27d	Joyce Hoogenboom	SJV	\N	0	\N
201	0295220c	Justin Hoogenboom	DOB	\N	0	\N
202	3faf3357	Jelle Huisman	EXP	\N	0	\N
203	f4cec413	Tom Baart	COM	\N	0	\N
204	20a34893	Felicia Lucaci	EXP	\N	0	\N
205	3ecc21b5	Kaa	LIB	\N	0	\N
206	a6c9018a	Midas Civikov 	DOB	\N	0	\N
207	7f890e50	Isaac Civikov 	DOB	\N	0	\N
208	a5dfcaf8	Stijn Rozenbrand	MAL	\N	0	\N
209	741701a7	Nienke van Bijsterveld 	STV	\N	0	\N
210	7f95ff8a	Mees Morée	OBV	\N	0	\N
211	a96e8604	Max Morée	MAL	\N	0	\N
212	86ac2b36	Pepijn Schrage	LIB	\N	0	\N
213	6ee5d7e5	Lillianne	STAF	\N	0	\N
214	5d3bd4c3	Joost van den Bergh	MAL	\N	0	\N
215	2f99ec1f	Koen Biesta	MAL	\N	0	\N
216	1df8626a	Theodore Uleman	COM	\N	0	\N
217	077846f4	Junn van Deursen	MAL	\N	0	\N
218	25bf5801	Sem van Deursen	MAL	\N	0	\N
219	a7ffd726	Babette Kleijn	SJH	\N	0	\N
220	80fbb54b	Lianne Kleijn	SJV	\N	0	\N
221	5c610a57	Yanniek Lamens	LIB	\N	0	\N
222	3c377e1b	Yanna Simons	EXP	\N	0	\N
223	b59d1e3f	Julia Vos	SJV	\N	0	\N
224	e794493a	Eva Vos	EXP	\N	0	\N
225	c87caf6e	Marit Duivenvoorde	STV	\N	0	\N
226	ed7c9c29	Marleen 	EXP	\N	0	\N
227	9a9cdad4	Eline Schouten	SJH	\N	0	\N
228	7b5666d8	Fleur Rolfes	SJH	\N	0	\N
229	ecbb77ec	Martijn Witte	EXP	\N	0	\N
230	196bc335	Jelle Snijder	LIB	\N	0	\N
231	56cede7f	Fleur Snijder	STH	\N	0	\N
232	408bd170	Nienke Snijder	MBV	\N	0	\N
233	a2e7c568			\N	0	\N
234	15f40c4a			\N	0	\N
235	0dc94358			\N	0	\N
236	41dec6e2			\N	0	\N
237	9a2add86			\N	0	\N
238	bef88b89			\N	0	\N
239	0e5ba86c			\N	0	\N
240	adfe4def			\N	0	\N
241	e3998bc7			\N	0	\N
242	58dd8535			\N	0	\N
243	736cfd6c			\N	0	\N
244	9b79ca5c			\N	0	\N
245	cc769e27			\N	0	\N
246	5d27cd6b			\N	0	\N
247	0a58fc0e			\N	0	\N
248	37a123ff			\N	0	\N
249	a0b6beda			\N	0	\N
250	bec23f09			\N	0	\N
251	1764aee9			\N	0	\N
\.


--
-- Data for Name: main_player_activities; Type: TABLE DATA; Schema: public; Owner: nfc_card_game
--

COPY public.main_player_activities (id, player_id, activity_id) FROM stdin;
\.


--
-- Data for Name: main_playeritem; Type: TABLE DATA; Schema: public; Owner: nfc_card_game
--

COPY public.main_playeritem (id, amount, item_id, player_id) FROM stdin;
1	20	1	1
2	20	2	1
3	20	3	1
4	20	4	1
5	20	5	1
7	20	7	1
8	20	8	1
9	20	9	1
10	20	10	1
11	20	11	1
13	20	13	1
14	20	14	1
16	20	16	1
17	20	17	1
19	0	19	1
20	10	20	1
6	21	6	1
12	0	12	1
15	0	15	1
18	0	18	1
21	39	21	1
\.


--
-- Data for Name: main_post; Type: TABLE DATA; Schema: public; Owner: nfc_card_game
--

COPY public.main_post (id, card_uuid, name, type, sell_amount, sells_id) FROM stdin;
1	76abc3ce	Bijl winkel	RESOURCE	1	1
2	7e000cca	Bijl winkel	RESOURCE	1	2
3	61829de4	Bijl winkel	RESOURCE	1	3
4	c701af2d	Tandwiel winkel	RESOURCE	1	4
5	56faf11d	Tandwiel winkel	RESOURCE	1	5
6	fceb03f4	Tandwiel winkel	RESOURCE	1	6
7	5f7d72e8	Rupsband winkel	RESOURCE	1	7
8	9d9bccac	Rupsband winkel	RESOURCE	1	8
9	97d9abf2	Rupsband winkel	RESOURCE	1	9
10	21fb44c0	Mijnwerker winkel	MINER	1	10
11	377cb318	Mijnwerker winkel	MINER	1	11
12	fe694ecc	Mijnwerker winkel	MINER	1	12
13	a22dca4e	Drilboor winkel	MINER	1	13
14	87a30de0	Drilboor winkel	MINER	1	14
15	d71428dd	Drilboor winkel	MINER	1	15
16	73847aca	Bulldozer winkel	MINER	1	16
17	7ad4dff6	Bulldozer winkel	MINER	1	17
18	d9e7dbdd	Bulldozer winkel	MINER	1	18
\.


--
-- Data for Name: main_postrecipe; Type: TABLE DATA; Schema: public; Owner: nfc_card_game
--

COPY public.main_postrecipe (id, price, item_id, post_id) FROM stdin;
1	15	20	1
2	15	21	1
3	15	19	2
4	15	21	2
5	15	19	3
6	15	20	3
7	15	20	4
8	15	21	4
9	15	19	5
10	15	21	5
11	15	19	6
12	15	20	6
13	15	20	7
14	15	21	7
15	15	19	8
16	15	21	8
17	15	19	9
18	15	20	9
19	1	1	10
20	1	2	11
21	1	3	12
22	1	1	13
23	1	4	13
24	1	2	14
25	1	5	14
26	1	3	15
27	1	6	15
28	1	1	16
29	1	4	16
30	1	7	16
31	1	2	17
32	1	5	17
33	1	8	17
34	1	3	18
35	1	6	18
36	1	9	18
\.


--
-- Data for Name: main_team; Type: TABLE DATA; Schema: public; Owner: nfc_card_game
--

COPY public.main_team (id, name) FROM stdin;
1	Team 1
2	Team 2
\.


--
-- Data for Name: main_teammine; Type: TABLE DATA; Schema: public; Owner: nfc_card_game
--

COPY public.main_teammine (id, money, mine_id, team_id) FROM stdin;
2	100	1	2
3	100	2	1
4	100	2	2
6	100	3	2
1	105	1	1
5	81	3	1
\.


--
-- Data for Name: main_teammineitem; Type: TABLE DATA; Schema: public; Owner: nfc_card_game
--

COPY public.main_teammineitem (id, amount, item_id, team_mine_id) FROM stdin;
1	0	10	1
2	0	13	1
3	0	16	1
4	0	10	2
5	0	13	2
6	0	16	2
7	0	11	3
8	0	14	3
9	0	17	3
10	0	11	4
11	0	14	4
12	0	17	4
17	0	15	6
18	0	18	6
13	20	12	5
14	20	15	5
15	20	18	5
16	5	12	6
\.


--
-- Name: auth_group_id_seq; Type: SEQUENCE SET; Schema: public; Owner: nfc_card_game
--

SELECT pg_catalog.setval('public.auth_group_id_seq', 1, false);


--
-- Name: auth_group_permissions_id_seq; Type: SEQUENCE SET; Schema: public; Owner: nfc_card_game
--

SELECT pg_catalog.setval('public.auth_group_permissions_id_seq', 1, false);


--
-- Name: auth_permission_id_seq; Type: SEQUENCE SET; Schema: public; Owner: nfc_card_game
--

SELECT pg_catalog.setval('public.auth_permission_id_seq', 68, true);


--
-- Name: auth_user_groups_id_seq; Type: SEQUENCE SET; Schema: public; Owner: nfc_card_game
--

SELECT pg_catalog.setval('public.auth_user_groups_id_seq', 1, false);


--
-- Name: auth_user_id_seq; Type: SEQUENCE SET; Schema: public; Owner: nfc_card_game
--

SELECT pg_catalog.setval('public.auth_user_id_seq', 1, true);


--
-- Name: auth_user_user_permissions_id_seq; Type: SEQUENCE SET; Schema: public; Owner: nfc_card_game
--

SELECT pg_catalog.setval('public.auth_user_user_permissions_id_seq', 1, false);


--
-- Name: django_admin_log_id_seq; Type: SEQUENCE SET; Schema: public; Owner: nfc_card_game
--

SELECT pg_catalog.setval('public.django_admin_log_id_seq', 2, true);


--
-- Name: django_content_type_id_seq; Type: SEQUENCE SET; Schema: public; Owner: nfc_card_game
--

SELECT pg_catalog.setval('public.django_content_type_id_seq', 17, true);


--
-- Name: django_migrations_id_seq; Type: SEQUENCE SET; Schema: public; Owner: nfc_card_game
--

SELECT pg_catalog.setval('public.django_migrations_id_seq', 21, true);


--
-- Name: main_activity_id_seq; Type: SEQUENCE SET; Schema: public; Owner: nfc_card_game
--

SELECT pg_catalog.setval('public.main_activity_id_seq', 1, false);


--
-- Name: main_gamesettings_id_seq; Type: SEQUENCE SET; Schema: public; Owner: nfc_card_game
--

SELECT pg_catalog.setval('public.main_gamesettings_id_seq', 1, true);


--
-- Name: main_item_id_seq; Type: SEQUENCE SET; Schema: public; Owner: nfc_card_game
--

SELECT pg_catalog.setval('public.main_item_id_seq', 21, true);


--
-- Name: main_mine_id_seq; Type: SEQUENCE SET; Schema: public; Owner: nfc_card_game
--

SELECT pg_catalog.setval('public.main_mine_id_seq', 3, true);


--
-- Name: main_player_activities_id_seq; Type: SEQUENCE SET; Schema: public; Owner: nfc_card_game
--

SELECT pg_catalog.setval('public.main_player_activities_id_seq', 1, false);


--
-- Name: main_player_id_seq; Type: SEQUENCE SET; Schema: public; Owner: nfc_card_game
--

SELECT pg_catalog.setval('public.main_player_id_seq', 251, true);


--
-- Name: main_playeritem_id_seq; Type: SEQUENCE SET; Schema: public; Owner: nfc_card_game
--

SELECT pg_catalog.setval('public.main_playeritem_id_seq', 21, true);


--
-- Name: main_post_id_seq; Type: SEQUENCE SET; Schema: public; Owner: nfc_card_game
--

SELECT pg_catalog.setval('public.main_post_id_seq', 18, true);


--
-- Name: main_postrecipe_id_seq; Type: SEQUENCE SET; Schema: public; Owner: nfc_card_game
--

SELECT pg_catalog.setval('public.main_postrecipe_id_seq', 36, true);


--
-- Name: main_team_id_seq; Type: SEQUENCE SET; Schema: public; Owner: nfc_card_game
--

SELECT pg_catalog.setval('public.main_team_id_seq', 2, true);


--
-- Name: main_teammine_id_seq; Type: SEQUENCE SET; Schema: public; Owner: nfc_card_game
--

SELECT pg_catalog.setval('public.main_teammine_id_seq', 6, true);


--
-- Name: main_teammineitem_id_seq; Type: SEQUENCE SET; Schema: public; Owner: nfc_card_game
--

SELECT pg_catalog.setval('public.main_teammineitem_id_seq', 18, true);


--
-- Name: auth_group auth_group_name_key; Type: CONSTRAINT; Schema: public; Owner: nfc_card_game
--

ALTER TABLE ONLY public.auth_group
    ADD CONSTRAINT auth_group_name_key UNIQUE (name);


--
-- Name: auth_group_permissions auth_group_permissions_group_id_permission_id_0cd325b0_uniq; Type: CONSTRAINT; Schema: public; Owner: nfc_card_game
--

ALTER TABLE ONLY public.auth_group_permissions
    ADD CONSTRAINT auth_group_permissions_group_id_permission_id_0cd325b0_uniq UNIQUE (group_id, permission_id);


--
-- Name: auth_group_permissions auth_group_permissions_pkey; Type: CONSTRAINT; Schema: public; Owner: nfc_card_game
--

ALTER TABLE ONLY public.auth_group_permissions
    ADD CONSTRAINT auth_group_permissions_pkey PRIMARY KEY (id);


--
-- Name: auth_group auth_group_pkey; Type: CONSTRAINT; Schema: public; Owner: nfc_card_game
--

ALTER TABLE ONLY public.auth_group
    ADD CONSTRAINT auth_group_pkey PRIMARY KEY (id);


--
-- Name: auth_permission auth_permission_content_type_id_codename_01ab375a_uniq; Type: CONSTRAINT; Schema: public; Owner: nfc_card_game
--

ALTER TABLE ONLY public.auth_permission
    ADD CONSTRAINT auth_permission_content_type_id_codename_01ab375a_uniq UNIQUE (content_type_id, codename);


--
-- Name: auth_permission auth_permission_pkey; Type: CONSTRAINT; Schema: public; Owner: nfc_card_game
--

ALTER TABLE ONLY public.auth_permission
    ADD CONSTRAINT auth_permission_pkey PRIMARY KEY (id);


--
-- Name: auth_user_groups auth_user_groups_pkey; Type: CONSTRAINT; Schema: public; Owner: nfc_card_game
--

ALTER TABLE ONLY public.auth_user_groups
    ADD CONSTRAINT auth_user_groups_pkey PRIMARY KEY (id);


--
-- Name: auth_user_groups auth_user_groups_user_id_group_id_94350c0c_uniq; Type: CONSTRAINT; Schema: public; Owner: nfc_card_game
--

ALTER TABLE ONLY public.auth_user_groups
    ADD CONSTRAINT auth_user_groups_user_id_group_id_94350c0c_uniq UNIQUE (user_id, group_id);


--
-- Name: auth_user auth_user_pkey; Type: CONSTRAINT; Schema: public; Owner: nfc_card_game
--

ALTER TABLE ONLY public.auth_user
    ADD CONSTRAINT auth_user_pkey PRIMARY KEY (id);


--
-- Name: auth_user_user_permissions auth_user_user_permissions_pkey; Type: CONSTRAINT; Schema: public; Owner: nfc_card_game
--

ALTER TABLE ONLY public.auth_user_user_permissions
    ADD CONSTRAINT auth_user_user_permissions_pkey PRIMARY KEY (id);


--
-- Name: auth_user_user_permissions auth_user_user_permissions_user_id_permission_id_14a6b632_uniq; Type: CONSTRAINT; Schema: public; Owner: nfc_card_game
--

ALTER TABLE ONLY public.auth_user_user_permissions
    ADD CONSTRAINT auth_user_user_permissions_user_id_permission_id_14a6b632_uniq UNIQUE (user_id, permission_id);


--
-- Name: auth_user auth_user_username_key; Type: CONSTRAINT; Schema: public; Owner: nfc_card_game
--

ALTER TABLE ONLY public.auth_user
    ADD CONSTRAINT auth_user_username_key UNIQUE (username);


--
-- Name: django_admin_log django_admin_log_pkey; Type: CONSTRAINT; Schema: public; Owner: nfc_card_game
--

ALTER TABLE ONLY public.django_admin_log
    ADD CONSTRAINT django_admin_log_pkey PRIMARY KEY (id);


--
-- Name: django_content_type django_content_type_app_label_model_76bd3d3b_uniq; Type: CONSTRAINT; Schema: public; Owner: nfc_card_game
--

ALTER TABLE ONLY public.django_content_type
    ADD CONSTRAINT django_content_type_app_label_model_76bd3d3b_uniq UNIQUE (app_label, model);


--
-- Name: django_content_type django_content_type_pkey; Type: CONSTRAINT; Schema: public; Owner: nfc_card_game
--

ALTER TABLE ONLY public.django_content_type
    ADD CONSTRAINT django_content_type_pkey PRIMARY KEY (id);


--
-- Name: django_migrations django_migrations_pkey; Type: CONSTRAINT; Schema: public; Owner: nfc_card_game
--

ALTER TABLE ONLY public.django_migrations
    ADD CONSTRAINT django_migrations_pkey PRIMARY KEY (id);


--
-- Name: django_session django_session_pkey; Type: CONSTRAINT; Schema: public; Owner: nfc_card_game
--

ALTER TABLE ONLY public.django_session
    ADD CONSTRAINT django_session_pkey PRIMARY KEY (session_key);


--
-- Name: main_activity main_activity_pkey; Type: CONSTRAINT; Schema: public; Owner: nfc_card_game
--

ALTER TABLE ONLY public.main_activity
    ADD CONSTRAINT main_activity_pkey PRIMARY KEY (id);


--
-- Name: main_gamesettings main_gamesettings_pkey; Type: CONSTRAINT; Schema: public; Owner: nfc_card_game
--

ALTER TABLE ONLY public.main_gamesettings
    ADD CONSTRAINT main_gamesettings_pkey PRIMARY KEY (id);


--
-- Name: main_item main_item_pkey; Type: CONSTRAINT; Schema: public; Owner: nfc_card_game
--

ALTER TABLE ONLY public.main_item
    ADD CONSTRAINT main_item_pkey PRIMARY KEY (id);


--
-- Name: main_mine main_mine_currency_e5261080_uniq; Type: CONSTRAINT; Schema: public; Owner: nfc_card_game
--

ALTER TABLE ONLY public.main_mine
    ADD CONSTRAINT main_mine_currency_e5261080_uniq UNIQUE (currency);


--
-- Name: main_mine main_mine_pkey; Type: CONSTRAINT; Schema: public; Owner: nfc_card_game
--

ALTER TABLE ONLY public.main_mine
    ADD CONSTRAINT main_mine_pkey PRIMARY KEY (id);


--
-- Name: main_player_activities main_player_activities_pkey; Type: CONSTRAINT; Schema: public; Owner: nfc_card_game
--

ALTER TABLE ONLY public.main_player_activities
    ADD CONSTRAINT main_player_activities_pkey PRIMARY KEY (id);


--
-- Name: main_player_activities main_player_activities_player_id_activity_id_a4e17c0f_uniq; Type: CONSTRAINT; Schema: public; Owner: nfc_card_game
--

ALTER TABLE ONLY public.main_player_activities
    ADD CONSTRAINT main_player_activities_player_id_activity_id_a4e17c0f_uniq UNIQUE (player_id, activity_id);


--
-- Name: main_player main_player_card_uuid_key; Type: CONSTRAINT; Schema: public; Owner: nfc_card_game
--

ALTER TABLE ONLY public.main_player
    ADD CONSTRAINT main_player_card_uuid_key UNIQUE (card_uuid);


--
-- Name: main_player main_player_pkey; Type: CONSTRAINT; Schema: public; Owner: nfc_card_game
--

ALTER TABLE ONLY public.main_player
    ADD CONSTRAINT main_player_pkey PRIMARY KEY (id);


--
-- Name: main_playeritem main_playeritem_pkey; Type: CONSTRAINT; Schema: public; Owner: nfc_card_game
--

ALTER TABLE ONLY public.main_playeritem
    ADD CONSTRAINT main_playeritem_pkey PRIMARY KEY (id);


--
-- Name: main_playeritem main_playeritem_player_id_item_id_38441e84_uniq; Type: CONSTRAINT; Schema: public; Owner: nfc_card_game
--

ALTER TABLE ONLY public.main_playeritem
    ADD CONSTRAINT main_playeritem_player_id_item_id_38441e84_uniq UNIQUE (player_id, item_id);


--
-- Name: main_post main_post_pkey; Type: CONSTRAINT; Schema: public; Owner: nfc_card_game
--

ALTER TABLE ONLY public.main_post
    ADD CONSTRAINT main_post_pkey PRIMARY KEY (id);


--
-- Name: main_postrecipe main_postrecipe_pkey; Type: CONSTRAINT; Schema: public; Owner: nfc_card_game
--

ALTER TABLE ONLY public.main_postrecipe
    ADD CONSTRAINT main_postrecipe_pkey PRIMARY KEY (id);


--
-- Name: main_postrecipe main_postrecipe_post_id_item_id_8b3d6b72_uniq; Type: CONSTRAINT; Schema: public; Owner: nfc_card_game
--

ALTER TABLE ONLY public.main_postrecipe
    ADD CONSTRAINT main_postrecipe_post_id_item_id_8b3d6b72_uniq UNIQUE (post_id, item_id);


--
-- Name: main_team main_team_pkey; Type: CONSTRAINT; Schema: public; Owner: nfc_card_game
--

ALTER TABLE ONLY public.main_team
    ADD CONSTRAINT main_team_pkey PRIMARY KEY (id);


--
-- Name: main_teammine main_teammine_mine_id_team_id_3b768f96_uniq; Type: CONSTRAINT; Schema: public; Owner: nfc_card_game
--

ALTER TABLE ONLY public.main_teammine
    ADD CONSTRAINT main_teammine_mine_id_team_id_3b768f96_uniq UNIQUE (mine_id, team_id);


--
-- Name: main_teammine main_teammine_pkey; Type: CONSTRAINT; Schema: public; Owner: nfc_card_game
--

ALTER TABLE ONLY public.main_teammine
    ADD CONSTRAINT main_teammine_pkey PRIMARY KEY (id);


--
-- Name: main_teammineitem main_teammineitem_pkey; Type: CONSTRAINT; Schema: public; Owner: nfc_card_game
--

ALTER TABLE ONLY public.main_teammineitem
    ADD CONSTRAINT main_teammineitem_pkey PRIMARY KEY (id);


--
-- Name: main_teammineitem main_teammineitem_team_mine_id_item_id_541e6777_uniq; Type: CONSTRAINT; Schema: public; Owner: nfc_card_game
--

ALTER TABLE ONLY public.main_teammineitem
    ADD CONSTRAINT main_teammineitem_team_mine_id_item_id_541e6777_uniq UNIQUE (team_mine_id, item_id);


--
-- Name: auth_group_name_a6ea08ec_like; Type: INDEX; Schema: public; Owner: nfc_card_game
--

CREATE INDEX auth_group_name_a6ea08ec_like ON public.auth_group USING btree (name varchar_pattern_ops);


--
-- Name: auth_group_permissions_group_id_b120cbf9; Type: INDEX; Schema: public; Owner: nfc_card_game
--

CREATE INDEX auth_group_permissions_group_id_b120cbf9 ON public.auth_group_permissions USING btree (group_id);


--
-- Name: auth_group_permissions_permission_id_84c5c92e; Type: INDEX; Schema: public; Owner: nfc_card_game
--

CREATE INDEX auth_group_permissions_permission_id_84c5c92e ON public.auth_group_permissions USING btree (permission_id);


--
-- Name: auth_permission_content_type_id_2f476e4b; Type: INDEX; Schema: public; Owner: nfc_card_game
--

CREATE INDEX auth_permission_content_type_id_2f476e4b ON public.auth_permission USING btree (content_type_id);


--
-- Name: auth_user_groups_group_id_97559544; Type: INDEX; Schema: public; Owner: nfc_card_game
--

CREATE INDEX auth_user_groups_group_id_97559544 ON public.auth_user_groups USING btree (group_id);


--
-- Name: auth_user_groups_user_id_6a12ed8b; Type: INDEX; Schema: public; Owner: nfc_card_game
--

CREATE INDEX auth_user_groups_user_id_6a12ed8b ON public.auth_user_groups USING btree (user_id);


--
-- Name: auth_user_user_permissions_permission_id_1fbb5f2c; Type: INDEX; Schema: public; Owner: nfc_card_game
--

CREATE INDEX auth_user_user_permissions_permission_id_1fbb5f2c ON public.auth_user_user_permissions USING btree (permission_id);


--
-- Name: auth_user_user_permissions_user_id_a95ead1b; Type: INDEX; Schema: public; Owner: nfc_card_game
--

CREATE INDEX auth_user_user_permissions_user_id_a95ead1b ON public.auth_user_user_permissions USING btree (user_id);


--
-- Name: auth_user_username_6821ab7c_like; Type: INDEX; Schema: public; Owner: nfc_card_game
--

CREATE INDEX auth_user_username_6821ab7c_like ON public.auth_user USING btree (username varchar_pattern_ops);


--
-- Name: django_admin_log_content_type_id_c4bce8eb; Type: INDEX; Schema: public; Owner: nfc_card_game
--

CREATE INDEX django_admin_log_content_type_id_c4bce8eb ON public.django_admin_log USING btree (content_type_id);


--
-- Name: django_admin_log_user_id_c564eba6; Type: INDEX; Schema: public; Owner: nfc_card_game
--

CREATE INDEX django_admin_log_user_id_c564eba6 ON public.django_admin_log USING btree (user_id);


--
-- Name: django_session_expire_date_a5c62663; Type: INDEX; Schema: public; Owner: nfc_card_game
--

CREATE INDEX django_session_expire_date_a5c62663 ON public.django_session USING btree (expire_date);


--
-- Name: django_session_session_key_c0390e0f_like; Type: INDEX; Schema: public; Owner: nfc_card_game
--

CREATE INDEX django_session_session_key_c0390e0f_like ON public.django_session USING btree (session_key varchar_pattern_ops);


--
-- Name: main_player_activities_activity_id_f19fe66f; Type: INDEX; Schema: public; Owner: nfc_card_game
--

CREATE INDEX main_player_activities_activity_id_f19fe66f ON public.main_player_activities USING btree (activity_id);


--
-- Name: main_player_activities_player_id_4bf93001; Type: INDEX; Schema: public; Owner: nfc_card_game
--

CREATE INDEX main_player_activities_player_id_4bf93001 ON public.main_player_activities USING btree (player_id);


--
-- Name: main_player_card_uuid_c75d412b_like; Type: INDEX; Schema: public; Owner: nfc_card_game
--

CREATE INDEX main_player_card_uuid_c75d412b_like ON public.main_player USING btree (card_uuid varchar_pattern_ops);


--
-- Name: main_player_team_id_7c700b6f; Type: INDEX; Schema: public; Owner: nfc_card_game
--

CREATE INDEX main_player_team_id_7c700b6f ON public.main_player USING btree (team_id);


--
-- Name: main_playeritem_item_id_342e6d33; Type: INDEX; Schema: public; Owner: nfc_card_game
--

CREATE INDEX main_playeritem_item_id_342e6d33 ON public.main_playeritem USING btree (item_id);


--
-- Name: main_playeritem_player_id_8ad7d3ad; Type: INDEX; Schema: public; Owner: nfc_card_game
--

CREATE INDEX main_playeritem_player_id_8ad7d3ad ON public.main_playeritem USING btree (player_id);


--
-- Name: main_post_sells_id_00f4f673; Type: INDEX; Schema: public; Owner: nfc_card_game
--

CREATE INDEX main_post_sells_id_00f4f673 ON public.main_post USING btree (sells_id);


--
-- Name: main_postrecipe_item_id_a31d6ff2; Type: INDEX; Schema: public; Owner: nfc_card_game
--

CREATE INDEX main_postrecipe_item_id_a31d6ff2 ON public.main_postrecipe USING btree (item_id);


--
-- Name: main_postrecipe_post_id_7d51b5fd; Type: INDEX; Schema: public; Owner: nfc_card_game
--

CREATE INDEX main_postrecipe_post_id_7d51b5fd ON public.main_postrecipe USING btree (post_id);


--
-- Name: main_teammine_mine_id_38f1cd7a; Type: INDEX; Schema: public; Owner: nfc_card_game
--

CREATE INDEX main_teammine_mine_id_38f1cd7a ON public.main_teammine USING btree (mine_id);


--
-- Name: main_teammine_team_id_e4f90277; Type: INDEX; Schema: public; Owner: nfc_card_game
--

CREATE INDEX main_teammine_team_id_e4f90277 ON public.main_teammine USING btree (team_id);


--
-- Name: main_teammineitem_item_id_fef2b001; Type: INDEX; Schema: public; Owner: nfc_card_game
--

CREATE INDEX main_teammineitem_item_id_fef2b001 ON public.main_teammineitem USING btree (item_id);


--
-- Name: main_teammineitem_team_mine_id_480fd4d0; Type: INDEX; Schema: public; Owner: nfc_card_game
--

CREATE INDEX main_teammineitem_team_mine_id_480fd4d0 ON public.main_teammineitem USING btree (team_mine_id);


--
-- Name: auth_group_permissions auth_group_permissio_permission_id_84c5c92e_fk_auth_perm; Type: FK CONSTRAINT; Schema: public; Owner: nfc_card_game
--

ALTER TABLE ONLY public.auth_group_permissions
    ADD CONSTRAINT auth_group_permissio_permission_id_84c5c92e_fk_auth_perm FOREIGN KEY (permission_id) REFERENCES public.auth_permission(id) DEFERRABLE INITIALLY DEFERRED;


--
-- Name: auth_group_permissions auth_group_permissions_group_id_b120cbf9_fk_auth_group_id; Type: FK CONSTRAINT; Schema: public; Owner: nfc_card_game
--

ALTER TABLE ONLY public.auth_group_permissions
    ADD CONSTRAINT auth_group_permissions_group_id_b120cbf9_fk_auth_group_id FOREIGN KEY (group_id) REFERENCES public.auth_group(id) DEFERRABLE INITIALLY DEFERRED;


--
-- Name: auth_permission auth_permission_content_type_id_2f476e4b_fk_django_co; Type: FK CONSTRAINT; Schema: public; Owner: nfc_card_game
--

ALTER TABLE ONLY public.auth_permission
    ADD CONSTRAINT auth_permission_content_type_id_2f476e4b_fk_django_co FOREIGN KEY (content_type_id) REFERENCES public.django_content_type(id) DEFERRABLE INITIALLY DEFERRED;


--
-- Name: auth_user_groups auth_user_groups_group_id_97559544_fk_auth_group_id; Type: FK CONSTRAINT; Schema: public; Owner: nfc_card_game
--

ALTER TABLE ONLY public.auth_user_groups
    ADD CONSTRAINT auth_user_groups_group_id_97559544_fk_auth_group_id FOREIGN KEY (group_id) REFERENCES public.auth_group(id) DEFERRABLE INITIALLY DEFERRED;


--
-- Name: auth_user_groups auth_user_groups_user_id_6a12ed8b_fk_auth_user_id; Type: FK CONSTRAINT; Schema: public; Owner: nfc_card_game
--

ALTER TABLE ONLY public.auth_user_groups
    ADD CONSTRAINT auth_user_groups_user_id_6a12ed8b_fk_auth_user_id FOREIGN KEY (user_id) REFERENCES public.auth_user(id) DEFERRABLE INITIALLY DEFERRED;


--
-- Name: auth_user_user_permissions auth_user_user_permi_permission_id_1fbb5f2c_fk_auth_perm; Type: FK CONSTRAINT; Schema: public; Owner: nfc_card_game
--

ALTER TABLE ONLY public.auth_user_user_permissions
    ADD CONSTRAINT auth_user_user_permi_permission_id_1fbb5f2c_fk_auth_perm FOREIGN KEY (permission_id) REFERENCES public.auth_permission(id) DEFERRABLE INITIALLY DEFERRED;


--
-- Name: auth_user_user_permissions auth_user_user_permissions_user_id_a95ead1b_fk_auth_user_id; Type: FK CONSTRAINT; Schema: public; Owner: nfc_card_game
--

ALTER TABLE ONLY public.auth_user_user_permissions
    ADD CONSTRAINT auth_user_user_permissions_user_id_a95ead1b_fk_auth_user_id FOREIGN KEY (user_id) REFERENCES public.auth_user(id) DEFERRABLE INITIALLY DEFERRED;


--
-- Name: django_admin_log django_admin_log_content_type_id_c4bce8eb_fk_django_co; Type: FK CONSTRAINT; Schema: public; Owner: nfc_card_game
--

ALTER TABLE ONLY public.django_admin_log
    ADD CONSTRAINT django_admin_log_content_type_id_c4bce8eb_fk_django_co FOREIGN KEY (content_type_id) REFERENCES public.django_content_type(id) DEFERRABLE INITIALLY DEFERRED;


--
-- Name: django_admin_log django_admin_log_user_id_c564eba6_fk_auth_user_id; Type: FK CONSTRAINT; Schema: public; Owner: nfc_card_game
--

ALTER TABLE ONLY public.django_admin_log
    ADD CONSTRAINT django_admin_log_user_id_c564eba6_fk_auth_user_id FOREIGN KEY (user_id) REFERENCES public.auth_user(id) DEFERRABLE INITIALLY DEFERRED;


--
-- Name: main_player_activities main_player_activities_activity_id_f19fe66f_fk_main_activity_id; Type: FK CONSTRAINT; Schema: public; Owner: nfc_card_game
--

ALTER TABLE ONLY public.main_player_activities
    ADD CONSTRAINT main_player_activities_activity_id_f19fe66f_fk_main_activity_id FOREIGN KEY (activity_id) REFERENCES public.main_activity(id) DEFERRABLE INITIALLY DEFERRED;


--
-- Name: main_player_activities main_player_activities_player_id_4bf93001_fk_main_player_id; Type: FK CONSTRAINT; Schema: public; Owner: nfc_card_game
--

ALTER TABLE ONLY public.main_player_activities
    ADD CONSTRAINT main_player_activities_player_id_4bf93001_fk_main_player_id FOREIGN KEY (player_id) REFERENCES public.main_player(id) DEFERRABLE INITIALLY DEFERRED;


--
-- Name: main_player main_player_team_id_7c700b6f_fk_main_team_id; Type: FK CONSTRAINT; Schema: public; Owner: nfc_card_game
--

ALTER TABLE ONLY public.main_player
    ADD CONSTRAINT main_player_team_id_7c700b6f_fk_main_team_id FOREIGN KEY (team_id) REFERENCES public.main_team(id) DEFERRABLE INITIALLY DEFERRED;


--
-- Name: main_playeritem main_playeritem_item_id_342e6d33_fk_main_item_id; Type: FK CONSTRAINT; Schema: public; Owner: nfc_card_game
--

ALTER TABLE ONLY public.main_playeritem
    ADD CONSTRAINT main_playeritem_item_id_342e6d33_fk_main_item_id FOREIGN KEY (item_id) REFERENCES public.main_item(id) DEFERRABLE INITIALLY DEFERRED;


--
-- Name: main_playeritem main_playeritem_player_id_8ad7d3ad_fk_main_player_id; Type: FK CONSTRAINT; Schema: public; Owner: nfc_card_game
--

ALTER TABLE ONLY public.main_playeritem
    ADD CONSTRAINT main_playeritem_player_id_8ad7d3ad_fk_main_player_id FOREIGN KEY (player_id) REFERENCES public.main_player(id) DEFERRABLE INITIALLY DEFERRED;


--
-- Name: main_post main_post_sells_id_00f4f673_fk_main_item_id; Type: FK CONSTRAINT; Schema: public; Owner: nfc_card_game
--

ALTER TABLE ONLY public.main_post
    ADD CONSTRAINT main_post_sells_id_00f4f673_fk_main_item_id FOREIGN KEY (sells_id) REFERENCES public.main_item(id) DEFERRABLE INITIALLY DEFERRED;


--
-- Name: main_postrecipe main_postrecipe_item_id_a31d6ff2_fk_main_item_id; Type: FK CONSTRAINT; Schema: public; Owner: nfc_card_game
--

ALTER TABLE ONLY public.main_postrecipe
    ADD CONSTRAINT main_postrecipe_item_id_a31d6ff2_fk_main_item_id FOREIGN KEY (item_id) REFERENCES public.main_item(id) DEFERRABLE INITIALLY DEFERRED;


--
-- Name: main_postrecipe main_postrecipe_post_id_7d51b5fd_fk_main_post_id; Type: FK CONSTRAINT; Schema: public; Owner: nfc_card_game
--

ALTER TABLE ONLY public.main_postrecipe
    ADD CONSTRAINT main_postrecipe_post_id_7d51b5fd_fk_main_post_id FOREIGN KEY (post_id) REFERENCES public.main_post(id) DEFERRABLE INITIALLY DEFERRED;


--
-- Name: main_teammine main_teammine_mine_id_38f1cd7a_fk_main_mine_id; Type: FK CONSTRAINT; Schema: public; Owner: nfc_card_game
--

ALTER TABLE ONLY public.main_teammine
    ADD CONSTRAINT main_teammine_mine_id_38f1cd7a_fk_main_mine_id FOREIGN KEY (mine_id) REFERENCES public.main_mine(id) DEFERRABLE INITIALLY DEFERRED;


--
-- Name: main_teammine main_teammine_team_id_e4f90277_fk_main_team_id; Type: FK CONSTRAINT; Schema: public; Owner: nfc_card_game
--

ALTER TABLE ONLY public.main_teammine
    ADD CONSTRAINT main_teammine_team_id_e4f90277_fk_main_team_id FOREIGN KEY (team_id) REFERENCES public.main_team(id) DEFERRABLE INITIALLY DEFERRED;


--
-- Name: main_teammineitem main_teammineitem_item_id_fef2b001_fk_main_item_id; Type: FK CONSTRAINT; Schema: public; Owner: nfc_card_game
--

ALTER TABLE ONLY public.main_teammineitem
    ADD CONSTRAINT main_teammineitem_item_id_fef2b001_fk_main_item_id FOREIGN KEY (item_id) REFERENCES public.main_item(id) DEFERRABLE INITIALLY DEFERRED;


--
-- Name: main_teammineitem main_teammineitem_team_mine_id_480fd4d0_fk_main_teammine_id; Type: FK CONSTRAINT; Schema: public; Owner: nfc_card_game
--

ALTER TABLE ONLY public.main_teammineitem
    ADD CONSTRAINT main_teammineitem_team_mine_id_480fd4d0_fk_main_teammine_id FOREIGN KEY (team_mine_id) REFERENCES public.main_teammine(id) DEFERRABLE INITIALLY DEFERRED;


--
-- PostgreSQL database dump complete
--

